subject_count,loss,learning_rate,Dice/AverageAcrossStructures,Dice/spinalcord,Dice/lung_r,Dice/lung_l,VoxelCount/spinalcord,VoxelCount/lung_r,VoxelCount/lung_l,epoch,cross_validation_split_index
1.000000,0.753852,0.000100,0.000000,0.000000,0.000000,0.000000,0.000000,18609.000000,61179.000000,0,-1
1.000000,0.773389,0.000090,0.000000,0.000000,0.000000,0.000000,0.000000,33453.000000,24258.500000,1,-1
